{"cameraMode":{"drawMode":0,"name":"Shaded","section":"Shading Mode"},"sceneLighting":true,"audioPlay":false,"sceneViewState":{"m_AlwaysRefresh":false,"showFog":true,"showSkybox":true,"showFlares":true,"showImageEffects":true,"showParticleSystems":true,"showVisualEffectGraphs":true,"m_FxEnabled":true},"in2DMode":false,"pivot":{"x":236.80105590820313,"y":241.51966857910157,"z":-18.187721252441408},"rotation":{"x":0.04186030104756355,"y":0.0778527483344078,"z":-0.0032715487759560348,"w":0.9960873126983643},"size":236.6673126220703,"orthographic":true}